Workbook

Sheet ecarts_par_culture
A1: Culture fine | B1: GAMS (ha) | C1: Python x100 (ha) | D1: Écart Python x100 − GAMS (ha) | E1: Explication de l'écart du run x100 | F1: Python aligné sur GAMS (ha) | G1: Écart Python aligné − GAMS (ha)
A2: AG | B2: 35 | C2: 256.14 | D2: =C2-B2 -> 221.14 | E2: Report des surfaces privées de plantain | F2: 8.31 | G2: =F2-B2 -> -26.69
A3: AN_NU | B3: 5 | C3: 0.22 | D3: =C3-B3 -> -4.78 | E3: Proches (plafond de 75 % de la surface par exploitation dans les deux modèles) | F3: 0.22 | G3: =F3-B3 -> -4.78
A4: AN_PA | B4: 632 | C4: 568.32 | D4: =C4-B4 -> -63.68 | E4: Proches (plafond de 75 % de la surface par exploitation dans les deux modèles) | F4: 568.32 | G4: =F4-B4 -> -63.68
A5: BA_INT | B5: 99 | C5: 1227.46 | D5: =C5-B5 -> 1128.46 | E5: Mêmes règles dans les deux modèles : écart non expliqué par la configuration (tolérance de 10 % de GAMS probable) | F5: 1227.46 | G5: =F5-B5 -> 1128.46
A6: BA_IRR | B6: 1 | C6: 73.2 | D6: =C6-B6 -> 72.2 | E6: Mêmes règles dans les deux modèles : écart non expliqué par la configuration (tolérance de 10 % de GAMS probable) | F6: 73.2 | G6: =F6-B6 -> 72.2
A7: BA_PER | B7: 808 | C7: 61.48 | D7: =C7-B7 -> -746.52 | E7: Mêmes règles dans les deux modèles : écart non expliqué par la configuration (tolérance de 10 % de GAMS probable) | F7: 61.48 | G7: =F7-B7 -> -746.52
A8: BA_SINT | B8: 29 | C8: 221.9 | D8: =C8-B8 -> 192.9 | E8: Mêmes règles dans les deux modèles : écart non expliqué par la configuration (tolérance de 10 % de GAMS probable) | F8: 221.9 | G8: =F8-B8 -> 192.9
A9: BC_BT | B9: 433 | C9: 15.38 | D9: =C9-B9 -> -417.62 | E9: Plafond de plantain (6 440 t) actif dans Python, absent du bloc CALIB de GAMS | F9: 415.83 | G9: =F9-B9 -> -17.17
A10: BC_GTMG | B10: 2400 | C10: 306.62 | D10: =C10-B10 -> -2093.38 | E10: Plafond de plantain (6 440 t) actif dans Python, absent du bloc CALIB de GAMS | F10: 2350.28 | G10: =F10-B10 -> -49.72
A11: CS_BT_NISM | B11: 0 | C11: 0 | D11: =C11-B11 -> 0 | E11: GAMS garde un reste de canne ; Python n'en garde que là où rien d'autre n'est éligible | F11: 0 | G11: =F11-B11 -> 0
A12: CS_BT_NIM | B12: 173 | C12: 165.83 | D12: =C12-B12 -> -7.17 | E12: GAMS garde un reste de canne ; Python n'en garde que là où rien d'autre n'est éligible | F12: 165.83 | G12: =F12-B12 -> -7.17
A13: CS_SBT_NIM | B13: 0 | C13: 12.55 | D13: =C13-B13 -> 12.55 | E13: GAMS garde un reste de canne ; Python n'en garde que là où rien d'autre n'est éligible | F13: 6.07 | G13: =F13-B13 -> 6.07
... A29: VE_PLUIE | B29: 0 | C29: 0 | D29: =C29-B29 -> 0 | E29: Report des surfaces privées de plantain | F29: 0 | G29: =F29-B29 -> 0
A30: Total | B30: =SUM(B2:B29) -> 23577 | C30: =SUM(C2:C29) -> 23570.85 | D30: =SUM(D2:D29) -> -6.15 | F30: =SUM(F2:F29) -> 23543.52 | G30: =SUM(G2:G29) -> -33.48
A32: GAMS : colonne Assol_Calib du run GAMS sans limite de travail, relevée sur la capture d'écran (hectares arrondis). CS_BT_NISM, CS_SBT_NIM et CS_CGT_NISM n'y figurent pas : 0 retenu, le total de la capture étant complet.
A33: Python : outputs/no_limit_on_labour_f0_nominal/csv/allocation_output.csv (politique no_limit_on_labour = configuration par défaut avec le plafond de travail multiplié par 100 ; statut optimal à 1 % près).
A34: Hors tableau : 2 559 ha de non cultivé (NC), figés dans les deux modèles.
A35: Python aligné sur GAMS : outputs/nolabour_calib_newtypo_x100 (bloc CALIB : sans plafond de plantain ni plancher de prairie ; nouvelle typologie ; plafond de travail x100 ; statut optimal à 1 % près ; objectif 212,0 M EUR, égal à la borne de GAMS).

Sheet ecarts_par_groupe
A1: Groupe | B1: GAMS (ha) | C1: Python x100 (ha) | D1: Écart Python x100 − GAMS (ha) | E1: Explication de l'écart du run x100 | F1: Python aligné sur GAMS (ha) | G1: Écart Python aligné − GAMS (ha)
A2: AG | B2: =SUMPRODUCT((LEFT(ecarts_par_culture!$A$2:$A$29,2)="AG")*ecarts_par_culture!$B$2:$B$29) -> 35 | C2: =SUMPRODUCT((LEFT(ecarts_par_culture!$A$2:$A$29,2)="AG")*ecarts_par_culture!$C$2:$C$29) -> 256.14 | D2: =C2-B2 -> 221.14 | E2: Report des surfaces privées de plantain | F2: =SUMPRODUCT((LEFT(ecarts_par_culture!$A$2:$A$29,2)="AG")*ecarts_par_culture!$F$2:$F$29) -> 8.31 | G2: =F2-B2 -> -26.69
A3: AN | B3: =SUMPRODUCT((LEFT(ecarts_par_culture!$A$2:$A$29,2)="AN")*ecarts_par_culture!$B$2:$B$29) -> 637 | C3: =SUMPRODUCT((LEFT(ecarts_par_culture!$A$2:$A$29,2)="AN")*ecarts_par_culture!$C$2:$C$29) -> 568.54 | D3: =C3-B3 -> -68.46 | E3: Proches (plafond de 75 % de la surface par exploitation dans les deux modèles) | F3: =SUMPRODUCT((LEFT(ecarts_par_culture!$A$2:$A$29,2)="AN")*ecarts_par_culture!$F$2:$F$29) -> 568.54 | G3: =F3-B3 -> -68.46
A4: BA | B4: =SUMPRODUCT((LEFT(ecarts_par_culture!$A$2:$A$29,2)="BA")*ecarts_par_culture!$B$2:$B$29) -> 937 | C4: =SUMPRODUCT((LEFT(ecarts_par_culture!$A$2:$A$29,2)="BA")*ecarts_par_culture!$C$2:$C$29) -> 1584.04 | D4: =C4-B4 -> 647.04 | E4: Mêmes règles dans les deux modèles : écart non expliqué par la configuration (tolérance de 10 % de GAMS probable) | F4: =SUMPRODUCT((LEFT(ecarts_par_culture!$A$2:$A$29,2)="BA")*ecarts_par_culture!$F$2:$F$29) -> 1584.04 | G4: =F4-B4 -> 647.04
A5: BC | B5: =SUMPRODUCT((LEFT(ecarts_par_culture!$A$2:$A$29,2)="BC")*ecarts_par_culture!$B$2:$B$29) -> 2833 | C5: =SUMPRODUCT((LEFT(ecarts_par_culture!$A$2:$A$29,2)="BC")*ecarts_par_culture!$C$2:$C$29) -> 322 | D5: =C5-B5 -> -2511 | E5: Plafond de plantain (6 440 t) actif dans Python, absent du bloc CALIB de GAMS | F5: =SUMPRODUCT((LEFT(ecarts_par_culture!$A$2:$A$29,2)="BC")*ecarts_par_culture!$F$2:$F$29) -> 2766.11 | G5: =F5-B5 -> -66.89
A6: CS | B6: =SUMPRODUCT((LEFT(ecarts_par_culture!$A$2:$A$29,2)="CS")*ecarts_par_culture!$B$2:$B$29) -> 530 | C6: =SUMPRODUCT((LEFT(ecarts_par_culture!$A$2:$A$29,2)="CS")*ecarts_par_culture!$C$2:$C$29) -> 182.77 | D6: =C6-B6 -> -347.23 | E6: GAMS garde un reste de canne ; Python n'en garde que là où rien d'autre n'est éligible | F6: =SUMPRODUCT((LEFT(ecarts_par_culture!$A$2:$A$29,2)="CS")*ecarts_par_culture!$F$2:$F$29) -> 176.29 | G6: =F6-B6 -> -353.71
A7: IG | B7: =SUMPRODUCT((LEFT(ecarts_par_culture!$A$2:$A$29,2)="IG")*ecarts_par_culture!$B$2:$B$29) -> 3214 | C7: =SUMPRODUCT((LEFT(ecarts_par_culture!$A$2:$A$29,2)="IG")*ecarts_par_culture!$C$2:$C$29) -> 3193.27 | D7: =C7-B7 -> -20.73 | E7: Proches (plafond de 66 % de la surface par exploitation dans les deux modèles) | F7: =SUMPRODUCT((LEFT(ecarts_par_culture!$A$2:$A$29,2)="IG")*ecarts_par_culture!$F$2:$F$29) -> 3193.27 | G7: =F7-B7 -> -20.73
A8: JA | B8: =SUMPRODUCT((LEFT(ecarts_par_culture!$A$2:$A$29,2)="JA")*ecarts_par_culture!$B$2:$B$29) -> 34 | C8: =SUMPRODUCT((LEFT(ecarts_par_culture!$A$2:$A$29,2)="JA")*ecarts_par_culture!$C$2:$C$29) -> 283.78 | D8: =C8-B8 -> 249.78 | E8: Conséquence de la banane : la jachère est imposée à 20 % de BA_INT / BA_IRR / BA_SINT, pas de BA_PER | F8: =SUMPRODUCT((LEFT(ecarts_par_culture!$A$2:$A$29,2)="JA")*ecarts_par_culture!$F$2:$F$29) -> 283.78 | G8: =F8-B8 -> 249.78
A9: MA | B9: =SUMPRODUCT((LEFT(ecarts_par_culture!$A$2:$A$29,2)="MA")*ecarts_par_culture!$B$2:$B$29) -> 9050 | C9: =SUMPRODUCT((LEFT(ecarts_par_culture!$A$2:$A$29,2)="MA")*ecarts_par_culture!$C$2:$C$29) -> 8901.73 | D9: =C9-B9 -> -148.27 | E9: Plafond de travail x100 encore contraignant dans Python : MA_ROTA (1 653 h/ha) remplacé par MA_TO_CO_JA (1 128 h/ha) | F9: =SUMPRODUCT((LEFT(ecarts_par_culture!$A$2:$A$29,2)="MA")*ecarts_par_culture!$F$2:$F$29) -> 8901.73 | G9: =F9-B9 -> -148.27
A10: ME | B10: =SUMPRODUCT((LEFT(ecarts_par_culture!$A$2:$A$29,2)="ME")*ecarts_par_culture!$B$2:$B$29) -> 177 | C10: =SUMPRODUCT((LEFT(ecarts_par_culture!$A$2:$A$29,2)="ME")*ecarts_par_culture!$C$2:$C$29) -> 21.38 | D10: =C10-B10 -> -155.62 | E10: GAMS garde un reste de melon | F10: =SUMPRODUCT((LEFT(ecarts_par_culture!$A$2:$A$29,2)="ME")*ecarts_par_culture!$F$2:$F$29) -> 21.38 | G10: =F10-B10 -> -155.62
A11: PN | B11: =SUMPRODUCT((LEFT(ecarts_par_culture!$A$2:$A$29,2)="PN")*ecarts_par_culture!$B$2:$B$29) -> 6039 | C11: =SUMPRODUCT((LEFT(ecarts_par_culture!$A$2:$A$29,2)="PN")*ecarts_par_culture!$C$2:$C$29) -> 7605.32 | D11: =C11-B11 -> 1566.32 | E11: Report des surfaces privées de plantain (exploitations très averses au risque) | F11: =SUMPRODUCT((LEFT(ecarts_par_culture!$A$2:$A$29,2)="PN")*ecarts_par_culture!$F$2:$F$29) -> 6000.3 | G11: =F11-B11 -> -38.7
A12: VE | B12: =SUMPRODUCT((LEFT(ecarts_par_culture!$A$2:$A$29,2)="VE")*ecarts_par_culture!$B$2:$B$29) -> 91 | C12: =SUMPRODUCT((LEFT(ecarts_par_culture!$A$2:$A$29,2)="VE")*ecarts_par_culture!$C$2:$C$29) -> 651.88 | D12: =C12-B12 -> 560.88 | E12: Report des surfaces privées de plantain | F12: =SUMPRODUCT((LEFT(ecarts_par_culture!$A$2:$A$29,2)="VE")*ecarts_par_culture!$F$2:$F$29) -> 39.77 | G12: =F12-B12 -> -51.23
A13: Total | B13: =SUM(B2:B12) -> 23577 | C13: =SUM(C2:C12) -> 23570.85 | D13: =SUM(D2:D12) -> -6.15 | F13: =SUM(F2:F12) -> 23543.52 | G13: =SUM(G2:G12) -> -33.48
